,pred
best $1200 gaming pc,0
best $1200 gaming pc,1
best $15 steam games,2
best $15 steam games,2
mass effect andromeda best biotics,3
mass effect andromeda best sex scene,3
mass effect 3 best bonus power,3
mass effect andromeda best class single player,3
mass effect best background,3
best $150 gpu,4
best $150 gpu,4
best $2 cigar,5
best $2 cigar,5
best $20 steam games,6
best $20 steam games,6
best $200 gaming pc,7
best $200 scotch,7
best $200 scotch,7
best $300 gpu,8
best $300 gpu,8
best $400 gaming pc,9
best $400 gaming pc,10
best $5 games on steam,11
best $5 games on steam,11
best $5 steam games,11
best $5 steam games,11
best $300 graphics card,12
best $50 gpu,12
best $50 gpu,12
best $50 graphics card,12
best $50 graphics card,12
best 1060 graphics card,12
best 1080ti graphics card,12
best $900 gaming pc,13
best $900 gaming pc,14
best $uicideboy$ songs,15
best $uicideboy$ songs,15
bombay bicycle club best songs,15
e dubble best songs,15
drake more life best songs,15
them crooked vultures best songs,15
fort minor best song,15
miss may i best songs,15
best .38 gun fallout 4,16
best .38 gun fallout 4,16
best .38 gun in fallout 4,16
best .38 gun in fallout 4,16
best .38 weapon fallout 4,16
best .38 weapon fallout 4,16
guns of boom best helmet,16
best .5 lead,17
best .5 lead,17
city of heroes best aoe build,18
city of heroes best power sets,18
best .exe games,19
best .exe games,19
best .hack anime,20
best .hack anime,20
best .hack game,20
best .hack game,20
which pikmin game is the best,20
which bioshock game is the best,20
best /tts discord,21
best /tts discord,21
best +1/+1 counter cards,22
best +1/+1 counter cards,22
best 0 gauge wire,23
best 0 gauge wire,23
best 1 attack weapon osrs,24
best 1 attack weapon osrs,24
osrs best str weapon,24
best 1 def pure gear osrs,25
best 1 def range gear osrs,25
best 1 def range gear osrs,25
nexus 5x best apps,26
best 1 dollar apps,26
best 1 dollar apps,26
best 1 dollar apps android,26
best 1 dollar apps android,26
fire emblem sealed sword best characters,27
fire emblem fates best units,27
fire emblem heroes best archer,27
fire emblem echoes best class for kliff,27
warlords of aternum best units,27
fire emblem fates setsuna best class,27
best 1 for all champs,28
best 1 for all champs,28
best 1 handed weapon runescape,29
best 1 handed weapon runescape,29
best 1h weapon runescape,29
best 1h weapon runescape,29
best 1 level dip 5e,30
best 1 level dip 5e,30
5e best 1 level dip,30
best 1 on 1 basketball moves,31
best 1 on 1 basketball player,31
best 1 on 1 basketball player,31
best 1 on 1 nba player,31
best 1 on 1 nba player,31
best 1 season anime,32
best 1 season anime,32
season 14 best class,32
best 1$ steam games,33
best 1$ steam games,33
best 1.10 minecraft mods,34
best 1.12 minecraft mods,34
best 1.12.2 minecraft mods,34
best 1.14 minecraft mods,34
tinkers 1.10 best sword,34
best 1.12 hacked client,35
best 1.8 hacked client,35
best 1.7 10 mods,36
best 1.7 10 mods,36
the division 1.7 best weapons,36
best 1.12 texture packs,37
best 1.14 resource packs,37
best 1.7.10 resource packs,37
best 1.7.10 texture packs,37
best 1.7.10 texture packs,37
best 16x texture packs,37
skyrim se best texture pack,37
skyrim best skin texture 2018,37
protean pack best use,37
bill burr best special,38
ffxiv best crafting specialization stormblood,38
skyforge best pvp class 2017,39
best 1.8.9 pvp mods,39
best 1.8.9 pvp mods,39
swtor 4.0 best pvp class,39
swap best nba 2k18,40
swap best or swap worst,40
nba 2k16 best jumpshot,40
2k18 best free throw,40
nba 2k18 best shoe deals,40
best 10 hour loops,41
best 10 hour loops,41
best 10 hour videos,41
best 10 hour videos,41
best 10 hour videos,41
best 10 hour videos,41
best 10 hour youtube videos,41
best 10 hour youtube videos,41
best 10 second videos,41
best 10 second videos,41
best 13 inch laptop for video editing,41
best 10 inch subwoofer for small sealed box,42
best 10 inch subwoofer for small sealed box,42
best 150w box mod,42
best 2.5 inch folding knife,42
darwin project best loadout,43
primaris aggressors best loadout,43
best 10.5 ar barrel,44
best 10.5 ar upper,44
best 10.5 ar upper,44
best 100 orange juice character,45
best 100 orange juice character,45
best 1000 yard stare roll,46
best 1000 yard stare roll,46
best 150cc scooter under 1000,46
best 150cc scooter under 1000,46
rapier tinkers construct best,47
tinkers construct best katana,47
tinkers construct 2 best shuriken,47
what is the best material in tinkers construct,47
tinkers construct shortbow best,47
what is best cube,48
diablo 3 best kanai cube powers demon hunter,48
neverwinter best race and class,49
neverwinter online best companion for hunter ranger,49
neverwinter best race for warlock,49
p99 best cleric race,49
for the king best characters,50
crusader kings 2 best succession laws,50
future trunks best character,50
tsum tsum best character,50
tekken 7 best custom characters,50
borderlands 1 best character for solo,50
divinity 2 best character,50
best 1060 6gb card,51
best 1060 for mining,51
best 1060 for mining,51
best 1060 gtx card,51
sto best starship traits,52
sto best lock boxes,52
sto best antiproton weapons,52
sto best duty officers,52
sto best ground weapon 2018,52
sto phoenix prize pack best ship,52
what is the best version of persona 3,53
stardew valley best version,53
which version of street fighter 2 is the best,53
persona 5 best sp items,53
best 1070 ti card,54
best 1070 ti card,54
best 1070 ti for gaming,54
best 1070 ti for gaming,54
best 1070 ti graphics card,54
best 1070 ti graphics card,54
dungeon defenders 2 best builder,55
dungeon defenders 2 best pet,55
felix is best girl,56
froppy is best girl,56
why is makoto best girl,56
moero chronicle hyper best way to level girls early game,56
r/anime best girl winners,56
best 1070 for mining,57
best 1070 for mining,57
best 1070 ti for mining,57
best 1070 ti for mining,57
best 1080 ti for mining,57
best 1080 ti for mining,57
best 1050 ti brand,58
best 1070 ti brand,58
best 1070 ti brand,58
best 1080 ti brand,58
best 1080 ti brand,58
stellaris best science build,59
stellaris best spaceport weapon,59
stellaris best wide build,59
diep.io best factory build,59
9 innings baseball best cards,60
best 1050 ti card,60
best 1080 ti build,60
best 1080 ti build,60
best 1080 ti card,60
best 1080 ti card,60
best 1080 ti cards,60
best 1080 ti cards,60
best 1080 ti for overclocking,60
best 1080 ti for overclocking,60
best 1080 ti graphics card,60
best 1080 ti graphics card,60
best 1080 ti to buy,60
best 1080 ti to buy,60
dragon's dogma best place to put portcrystal,61
stellaris best place to put colony,61
skyrim se best race mods,62
skyrim best race for a mage,62
skyrim best face mod,62
skyrim best grass mod,62
skyrim best body mods,62
best 1080 ti for water cooling,63
best 1080 ti for water cooling,63
best 1080p 120hz tv,64
best 1080p 120hz tv,64
best 1080p 120hz tv,64
best 1080p 120hz tv,64
battlefield 1 best mode,65
kingdom hearts final mix proud mode best start,65
battlefield 1 best multiplayer mode,65
best 1080p 144hz gpu,66
best 1080p 144hz gpu,66
best 1080p 144hz graphics card,66
best 1080p 144hz graphics card,66
best 1080p 60hz gaming monitor,67
best 1080p 60hz gaming monitor,67
best 1080p 60hz monitor,67
best 1080p 60hz monitor,67
best 1440p 60hz monitor,67
best 1440p 60hz monitor,67
best 1080p gaming tv,68
best 1080p gaming tv,68
best 1080p oled tv,68
best 1080p oled tv,68
best 1080p tv for pc gaming,68
best 1080p tv for ps4,68
best 1080p tv for ps4,68
best 1080p render settings sony vegas,69
best 1080p render settings sony vegas,69
eso best dk tank skills,70
eso best weapon for sorcerer,70
baldur's gate best sorcerer spells,70
eso best dagger in game,70
eso best way to level up blacksmithing,70
pathfinder best sorcerer bloodlines,70
best 1080ti for mining,71
best 1080ti for mining,71
best 10th doctor episodes,72
best 10th doctor episodes,72
best 10th doctor episodes,72
gbf best class for dark,73
dark souls 3 best bleed weapon pve,73
dark souls best pve builds,73
dark souls 2 best build pve,73
dark souls best faith build,73
best 11.1 lipo battery airsoft,74
best 11.1 lipo battery airsoft,74
best 1150 cpu for gaming,75
best 1150 cpu for gaming,75
best 1150 socket cpu,75
best 1150 socket cpu,75
dfo best female priest,76
conan exiles best looking female armor,76
conan exiles best weapon pve 2018,76
graveyard keeper best zombie,77
graveyard keeper best workyard layout,77
zombie army trilogy best secondary,77
graveyard keeper best body,77
castle clash sharpen talent best hero,78
castle clash ronin best talent,78
castle clash athene best talent,78
castle clash espirita best talent,78
castle clash storm eater best talent,78
castle clash condemnation best hero,78
castle clash grimfiend best talent,78
kingdoms and castles best layout,78
best 12 bar blues songs,79
blue lions best dancer,79
best 12 episode anime,80
best 12 episode anime,80
best 12 episode animes,80
best 12 episode animes,80
best 12 gram co2 cartridges,80
best 12 pack beer,80
best 13 episode anime,80
best 13 episode anime,80
best 12 gauge ammo,81
best 12 gauge ammo for sporting clays,81
best 12 gauge ammo for sporting clays,81
best 12 gauge ammo for trap shooting,81
best 12 gauge shotgun shells for sporting clays,81
best 12 gauge shotgun shells for sporting clays,81
eft best 9x18 ammo,81
best 120mm aio cooler,82
best 120mm aio cooler,82
best 120mm aio water cooler,82
best 120mm aio water cooler,82
best 120mm cpu cooler,82
best 120mm water cooler,82
best 120mm water cooler,82
best 120 mm fan,83
best 120mm fan for cpu cooler,83
best 120mm fan for radiator,83
best 120mm fan for radiator,83
best 120mm fans for radiator,83
best 120mm fans for radiator,83
best 120mm intake fan,83
best 120mm intake fan,83
best 120mm radiator fan,83
best 120mm radiator fan,83
five of swords destiny 2 best setup,84
destiny 2 stormcaller best grenade,84
destiny 2 best sensitivity pc,84
destiny 2 best mod for blast furnace,84
blast furnace best mod,84
destiny 2 best looking titan,84
stellaris best fleet composition 2.0,85
stellaris best ship design 2.0,85
stellaris best traditions 2.0,85
best 123a battery for flashlight,86
best 123a battery for flashlight,86
best 123a battery for flashlight,86
best 123a battery for flashlight,86
best 123a lithium batteries,86
best 18350 battery for flashlight,86
best 18350 battery for flashlight,86
when is the best time to ascend in cookie clicker,87
cookie clicker best spirits,87
cookie run ovenbreak best combo for breakout,87
best 128gb retropie image,88
best 128gb retropie image,88
what is the best car in hill climb,89
tf2 best jump maps,89
forza horizon 4 best jump car,89
forza horizon 2 best car for each class,89
best 12th doctor quotes,90
best 12th doctor quotes,90
best 12th doctor quotes,90
letterkenny best shoresy quotes,90
bdo best way to spend energy,91
best 14 way stand bag,91
ffxi best way to make gil,91
hearthstone best way to spend gold,91
best 13 band equalizer settings,92
best 13 band equalizer settings,92
rush is the best band ever,92
best 1300cc cruiser motorcycle,93
best 1300cc cruiser motorcycle,93
sto best t6 federation cruiser,93
best 140mm fan for radiator,94
best 140mm fan for radiator,94
best 140mm radiator fan,94
best 140mm radiator fans,94
best 140mm radiator fans,94
best 140mm rgb fans,94
best 140mm rgb fans,94
moonlighter best armor combo,95
divinity original sin best combo,95
divinity 2 best origin story,95
living my best life meme origin,95
divinity original sin 2 best healer build,95
fallout new vegas best vendors,96
god of war new game plus best enchantments,96
fallout new vegas best game,96
best 120mm liquid cooler,97
best 120mm liquid cooler,97
best 140mm liquid cooler,97
best 140mm liquid cooler,97
best 140mm liquid cooler,97
best 140mm liquid cooler,97
best 1440p hdr monitor,98
best 1440p hdr monitor,98
best 1440p monitor under 400,98
best 1440p monitor under 400,98
eve online best place to sell ore,99
asta online best class,99
dungeon fighter online best class 2017,99
star trek online best ship,99
best 144hz monitor under 250,100
best 144hz monitor under 250,100
final fantasy 15 best game,101
best 15 dollar games on steam,101
best 15 dollar games on steam,101
best 15 dollar steam games,101
best 15 dollar steam games,101
total war warhammer 2 best skaven lord,102
vermintide 2 best necklace trait,102
stellaris best traits for war,102
total war warhammer 2 best hero traits,102
total war attila best mods,102
total war warhammer best auto resolve army,102
dragon quest 9 best team,103
skyrim best quest rewards,103
torgue o torgue o best reward,103
fallout shelter best weapon for quests,103
best 150 dollar gpu,104
best 150 dollar gpu,104
best 200 dollar gpu,104
best 200 dollar gpu,104
best 16 10 monitor,105
best 16 10 monitor,105
best 16 and pregnant episodes,106
best 16 and pregnant episodes,106
zelda best place to sell gems,107
trivia crack best cards for gems,107
blade and soul best gems,107
mount and blade warband best total conversion mods,107
best 16 bit games,108
best 16 bit music,108
best 16 bit music,108
best 16 bit platformers,108
best 16 bit platformers,108
best 16 bit rpgs,108
best 16 bit rpgs,108
oblivion best warrior build,109
dynasty warriors unleashed best officers,109
black desert best armor for warrior,109
the best business solutions are the ones that work,110
the best solution to a problem is usually the easiest one,110
secret world legends best weapon combo,111
wizard of legend best robe,111
pokemon let's go dragonite best moveset,112
coordinates for best pokemon,112
pokemon go best against blissey,112
best 1st gen pokemon,112
gw2 best place to farm t6 mats,113
destiny 2 best place to farm public events,113
fortnite best farming hero,113
anthem best stronghold to farm,113
fortnite best melee weapon for ninja,113
best 16:10 monitor,114
best 16:10 monitor,114
best 16mm film camera,115
best 16mm film camera,115
best 18 and over clubs in san francisco,116
best 18 and up clubs in atlanta,116
best 18 and up clubs in dallas,116
best 18 clubs in boston,116
best 18 clubs in houston,116
best 18 clubs in sf,116
best 18 wheels of steel game,116
dallas cowboys are the best team in football,116
hollow knight best order,117
ds3 best knight armor,117
ds3 best chime for buffs,117
best 18+ subreddits,118
best 18+ subreddits,118
best 18+ visual novels,118
best 18+ visual novels,118
hyper light drifter best order,119
hyper light drifter best outfit,119
kingdom hearts re chain of memories best world order,119
best 1812 overture recording,120
best 1812 overture recording,120
ffrk best record materia 2017,120
eq2 best solo class,121
dauntless best dps build,121
dauntless best solo class,121
dauntless best way to break parts,121
guild wars 2 best solo class 2018,121
trove best solo class,121
eu4 best tall nation,122
eu4 best idea groups 2018,122
best 14500 rechargeable battery,123
best 18650 battery for mechanical mod,123
best 18650 battery for mechanical mod,123
best 18650 battery for mod,123
best 18650 battery for mod,123
best 18650 battery mooch,123
best 18650 battery mooch,123
best 18650 battery for sub ohm,124
best 18650 battery for sub ohm,124
best 18650 for sub ohm,124
best 18650 for sub ohm,124
mwo best heavy mech 2018,125
best 18650 battery for mech mod,125
best 18650 battery for mech mod,125
best 18650 for mech mod,125
best 18650 for mech mod,125
osrs best bank layout,126
ftb revelations best power source,126
best 18650 power bank,126
best 18650 power bank,126
extra utilities 2 best grid power,126
starmade best power setup,126
best 101 twink class,127
best 101 twink class,127
best 19 twink class,127
best 19 twink class,127
best 10mm 1911 magazine,128
best 1911 airsoft pistol,128
best 1911 under 1500,128
surviving mars best dome layout,129
sonata arctica best album,129
30 seconds to mars best album,129
abbey road best beatles album,129
best 1h sword transmog,130
best 1h sword transmog,130
21 pilots regional at best download,131
regional at best apple music,131
best 1s lipo battery,132
best 1s lipo charger,132
best 1s lipo charger,132
vampire the masquerade best edition,133
best 1st edition ad&d modules,133
best 1st edition ad&d modules,133
dnd 5e best spellcaster,134
5e mystic best disciplines,134
best 1st level bard spells 5e,134
best 1st level bard spells 5e,134
best 1st level cleric spells 5e,134
best 1st level cleric spells 5e,134
best 1st level druid spells 5e,134
best 1st level druid spells 5e,134
best 1st level sorcerer spells,134
best 1st level sorcerer spells,134
best 1st level sorcerer spells 5e,134
best 1st level sorcerer spells 5e,134
best 1st level spells 5e,134
best 1st level spells 5e,134
best 1st level wizard spells 5e,134
best 1st level wizard spells 5e,134
best 0 level spells pathfinder,135
best 0 level spells pathfinder,135
pathfinder unsanctioned knowledge best spells,135
best 1st level spells pathfinder,135
best 1st level spells pathfinder,135
best 1st level wizard spells pathfinder,135
best 1st level wizard spells pathfinder,135
pathfinder best aoe spells,135
pathfinder kingmaker best bard spells,135
pathfinder best feats for oracle,135
best 1st person shooter ps3,136
best 1st person shooter ps3,136
best 1350 ip champions,137
best 1v1 champion lol 2016,137
best 1v1 champion lol 2016,137
best 1v1 champions lol,137
best 1v1 champions lol,137
best 1v1 champs lol,137
best 1v1 champs lol,137
best 1v1 champs league,138
best 1v1 champs league,138
best 1v1 league champions,138
best 1v1 league champions,138
langrisser leon best class,139
bdo best class for life skills,139
bdo shakatu seal best use,139
best 1v1 class bdo,139
best 1v1 class bdo,139
best 1v1 class legion,139
bdo best weapon for striker,139
final fantasy ds games best,140
retroarch best mame core,140
retroarch best ds core,140
bfa best place to fish,141
best 1v1 class bfa,141
best 1v1 class bfa,141
hoi4 best army composition,142
xenoblade 2 best party setup,142
d&d 5e best party composition,142
d&d 3.5 best melee build,142
pillars of eternity 2 best build,143
pillars of eternity best armor for cipher,143
wow best class to solo dungeons,144
best 1v1 class vanilla wow,144
best 1v1 class wow,144
wow best way to get relics,144
wow best rp server 2018,144
civ 6 best map size,145
best 1v1 csgo maps,145
best 1v1 csgo maps,145
best 1v1 map csgo,145
best 1v1 map csgo,145
best 1v1 maps csgo,145
best 1v1 maps csgo,145
god of war best mid game armor,146
smite best joust team,146
smite adventures best gods,146
smite trials of king hercules best gods,146
best 1v1 gods smite,146
best 1v1 gods smite,146
best 112 bass cab,147
best 1x12 bass cab,147
best 1x12 bass cab,147
best 2 chainz lines,148
best 2 chainz lines,148
best 2 line jokes,148
best 2 line jokes,148
best 2 chainz lyrics,149
best 2 chainz lyrics,149
avenged sevenfold best lyrics,149
borderlands tps best weapons,150
borderlands 2 best fastball,150
ys viii best skills,150
borderlands 2 commando best skill tree,150
magick archer best skills,150
wiz khalifa best verses,151
best 2 chainz verses,151
best 2 chainz verses,151
best 2 days 1 night episode,152
night in the woods best ending,152
best 2 days 1 night episode,152
best 2 days 1 night episodes,152
best 2 days 1 night episodes,152
best 1 dollar games on steam,153
best 1 dollar games on steam,153
best 1 dollar steam games,153
best 1 dollar steam games,153
best 2 dollar games on steam,153
best 2 dollar games on steam,153
best 2 dollar steam games,153
best 2 dollar steam games,153
best 2 player games steam,153
best 2 player steam games,153
best 20 dollar steam games,153
best 20 dollar steam games,153
skate 3 best style,154
absolver best combat style,154
runescape 3 best combat style,154
best 2 drops in modern,155
best 2 drops in modern,155
modern warfare 3 best classes,155
best 1 drops mtg,156
best 1 drops mtg,156
mtg best card draw edh,156
best 2 drops mtg,156
best 2 drops mtg,156
fallout 4 best settings,157
best 10mm pistol fallout 4,157
best 10mm pistol fallout 4,157
fallout 4 best lore friendly weapon mods,157
fallout 4 best game,157
fallout 4 everyone's best friend not working,157
fallout 4 best food for survival,157
fallout 4 best radio mods,157
dark souls 3 best medium shield,158
dark souls best quality weapons,158
dark souls 3 best strength faith weapon,158
best 2 handed weapon dark souls 3,158
best 2 handed weapon dark souls 3,158
dark souls 2 best arrows,158
best 1 handed weapon in skyrim,159
best 1 handed weapon in skyrim,159
battle brothers best 2h weapon,159
bayonetta 2 best weapons,159
ashen best two handed weapon,159
best 2 handed build skyrim,159
best 2 handed build skyrim,159
best 2 handed sword skyrim,159
best 2 handed sword skyrim,159
best 2 handed weapon in skyrim,159
best 2 handed weapon in skyrim,159
best 2 handed weapon skyrim,159
best 2 handed weapon skyrim,159
best 2 handed weapons in skyrim,159
best 2 handed weapons in skyrim,159
toukiden 2 best weapon,159
red hand ix best perks,159
the tale of genji best translation,160
dao de jing best translation,160
goethe faust best translation,160
epic of gilgamesh best translation,160
mtgo best bots to sell to,161
kotor 2 best place to sell items,161
simcity buildit best items to sell,161
what is the best simcity,161
ds2 best faith weapons,162
ds2 best parry tool,162
gw2 best unlimited gathering tools,162
best 2 hose hookah,163
best 2 hose hookah,163
diablo 3 best companion for necromancer,164
which next step exams are the best,164
best $30 whiskey,164
best $30 whiskey,164
dishonored 2 best difficulty,164
best .30 cal suppressor,164
best .30 cal suppressor,164
mh4u best insect glaive,164
borderlands 3 best dps,164
still the best 1973 meaning,164
alexander hamilton best president,164
flcl cigarette never knows best,164
diablo 3 best lon build,164
old tearsheet best bitter,164
between where the best are commemorated,164
who's getting the best head copypasta,164
ff14 lord of verminion best minions,164
nioh best prestige bonuses,164
oxygen not included best attributes,164
dota 2 best treasure,164
just cause 3 best dlc,164
jack white best guitarist,164
rise of the tomb raider best bow,164
fallout 3 best weather mod,164
three houses best path,164
beyond earth best spacecraft,164
xcom 2 best squad,164
all might is the best,164
diablo 3 best 2 player combo,164
diablo 3 best potion for wizard,164
darksiders 3 best weapons,164
state of decay best leader,164
triple triad tournament best npc,164
digimon linkz best mega,164
steel ball run best part,164
best 2 out of 3,164
best 2 out of 3,164
the onion best of,164
shadow of mordor best runes,164
best 2 player playstation 3 games,164
best 2 player playstation 3 games,164
what is the best brothel in nevada,164
fsx best freeware airports,164
although glory but not at my best,164
the best indian commentator ever,164
sims 3 best town for legacy,164
ff6 gau best rages,164
best 1 topping pizza,165
best 1 topping pizza,165
best 2 pizza toppings,165
best 2 pizza toppings,165
best 2 topping pizza,165
best 2 topping pizza,165
best 2 topping pizza combinations,165
best 2 topping pizza combinations,165
best 2 topping pizza dominos,165
best 2 topping pizza dominos,165
best 2 topping pizza papa johns,165
best 2 topping pizza papa johns,165
best 2 player 3ds games,166
best 2 player 3ds games,166
best 2 player adventure maps minecraft,167
best 2 player adventure maps minecraft,167
best 2 player minecraft maps,167
poe 3.2 best maps to shape,168
poe best syndicate members,168
dokkan battle best exp stage,168
poe best tier 9 map to shape,168
poe best bow for elemental hit,168
poe best legacy items,168
poe best stat sticks,168
poe best exp maps,168
elite dangerous best power,169
ghost recon breakpoint best scope,169
sniper elite 4 best scope,169
dragon age inquisition best race for rogue,170
dragon age inquisition best ai builds,170
dragon age 2 best quest order,170
dragon age origins best builds,170
asus vg279q best settings,171
razer nari best settings,171
nikon coolpix p100 best settings,171
logitech g533 best equalizer settings,171
logitech g533 best settings,171
acer h236hl best settings,171
best 2 player arcade games,172
best 2 player arcade games,172
best 2 player board games boardgamegeek,173
best 2 player board games boardgamegeek,173
best 2 player board games boardgamegeek,173
best 2 player board games boardgamegeek,173
best 2 player board games dice tower,173
best 2 player board games dice tower,173
best 2 player coop board games,173
best 2 player coop board games,173
ffrk best soul breaks 2018,174
tera best dps class,174
tera best classes 2018,174
gta v best clubhouse location,175
ark best dinos for bosses,175
ark best starting location,175
fallout shelter best layout from start,175
pathfinder kingmaker best starting class,175
best 2 player browser games,176
best 2 player browser games,176
best 2 player co op board games,177
best 2 player co op board games,177
best 2 player co op xbox 360 games,177
best 2 player co op xbox 360 games,177
eldritch horror best investigator,178
best 2016 horror books,178
best 2 player dreamcast games,179
best 2 player dreamcast games,179
mhw best fire longsword,180
mhw best gamma armor,180
skyrim best ranger armor,180
mhgen best lance set,180
mhgen best longsword armor,180
botw best armor combination,180
best 2 player flash games,181
best 2 player flash games,181
best 2 player gamecube games,182
best 2 player gamecube games,182
best 2 player 360 games,183
best 2 player 360 games,183
best 2 player games for xbox 360,183
best 2 player games for xbox 360,183
best 2 player games xbox 360,183
best 2 player games xbox 360,183
best 2 player racing games xbox 360,183
best 2 player racing games xbox 360,183
best 2 player shooter games for xbox 360,183
best 2 player shooter games for xbox 360,183
best 2 player xbox 360 games,183
best 2 player xbox 360 games,183
best 2 player xbox 360 games offline,183
best 2 player xbox 360 games offline,183
best 2 player xbox 360 games split screen,183
best 2 player xbox 360 games split screen,183
best 2 player zombie games xbox 360,183
best 2 player console games,184
best 2 player game ps3,184
best 2 player game ps3,184
best 2 player games on ps3,184
best 2 player games on ps3,184
best 2 player games ps3,184
best 2 player ps3 games for couples,184
best 2 player ps3 games for couples,184
best 2 player ps3 games offline,184
best 2 player ps3 games offline,184
best 2 player games snes,185
best 2 player games snes,185
best 2 player snes,185
best 2 player snes,185
best 2 player snes games,185
best 2 player snes games,185
best 2 player genesis games,186
best 2 player genesis games,186
best 2 player sega genesis games,186
best 2 player sega genesis games,186
best 2 player ios games,187
best 2 player ios games,187
best 2 player ios games,187
best 2 player ios games,187
best 2 player ipad games,188
best 2 player ipad games,188
best 2 player n64 games,189
best 2 player n64 games,189
best 2 player nes and snes games,190
best 2 player nes and snes games,190
best 2 player nes games,190
best 2 player nes games,190
best 2 player ps1 games,191
best 2 player ps1 games,192
best 2 player ps2 games,193
best 2 player ps2 games,193
botw best defense recipe,194
two point hospital best layout,194
stellaris best point defense,194
best 2 player psx games,195
best 2 player psx games,195
best 2 player roblox games,196
best 2 player roblox games,196
had gay sex with best friend,197
i have a gay crush on my best friend,197
killing floor 2 best berserker build,197
lil boosie best friend bleek,197
killed my best friend,197
you re my best friend commercial,197
rpg maker fes best games,198
best 2 player rpg,198
best 2 player rpg,198
best 2 player rpg ps4,198
best 2 player rpg ps4,198
best 2 player rpgs,198
best 2 player rpgs,198
maplestory best resistance class,199
maplestory best reboot class,199
the division best shotgun,200
fallout 4 best legendary effect for assault rifle,200
mw3 best assault rifle,200
the division urban mdr best talents,200
division best assault rifle,200
where do the super best friends live,201
south park super best friends full episode,201
best 2 player super nintendo games,201
best 2 player super nintendo games,201
best 2 player wii games,202
best 2 player wii games,202
best 2 player wii u games,202
best 2 player wii u games,202
ffxiv best materia for rdm,203
ffxiv best samurai glamour,203
pathfinder best monk weapons,203
food fantasy best talents,203
ffxiv best food for monk,203
best 2 player worker placement,204
best 2 player worker placement,204
does my best friend like my boyfriend,205
married but in love with best friend,205
in love with my best friends boyfriend,205
love live best girl poll,205
2k17 best dunk packages,206
nba 2k17 best my career,206
nba 2k17 best iso crossover,206
is high school really the best years,207
is high school the best years,207
gta 5 hanger best cargo,208
disgaea 5 best characters,208
civilization 5 best mods,208
best 2 post rda,209
best 2 post rda,209
summoners war best twins combo,210
best 2 star monsters summoners war,210
best 2 star monsters summoners war,210
idle heroes best 4 star team,211
why team instinct is the best,211
best 17 inch monitor,211
endless frontier best team,211
mlb the show 17 best pitches for rtts,211
best 2 star team fifa 17,211
best 2 star team fifa 17,211
bloodborne best strength weapon,212
bloodborne best bolt weapon,212
mhgen switch axe best,213
best 20 dollar switch games,213
best 20 dollar switch games,213
best 20 questions game answers,213
bl3 best vault hunter,214
monster hunter world best palico gadgets,214
world of warships best japanese ships,214
mobfish hunter best weapon,214
monster hunter world best palico armor,214
monster hunter world best longsword tree,214
best 20 min shows on netflix,215
best 20 min shows on netflix,215
best 20 min tv shows,215
best 20 min tv shows,215
warframe best xp farm 2018,216
warframe best catchmoon kitgun,216
warframe best solo frame 2015,216
warframe best crit melee weapons,216
warframe best weapons for frost,216
skyrim best ingredients to grow,217
plants vs zombies 2 best gem plant,217
skyrim best ingredients to plant,217
marvel strike force best kree team,218
marvel legendary best expansion,218
best 20 minute shows,219
best 20 minute shows,219
best 20 minute shows on netflix,219
best 20 minute shows on netflix,219
best 20 minute tv shows,219
best 20 minute tv shows,219
best 20 minute tv shows on netflix,219
best 20 minute tv shows on netflix,219
case closed best episodes,220
best 20/20 episodes,220
best 20/20 episodes,220
best 200 treadwear tire,221
best 200 treadwear tire,221
best 1200 dollar gaming pc,222
best 2000 pc games,222
best 2000s pc games,222
best 2000s pc games,222
best 1150 motherboard 2016,223
best 2011-v3 motherboard 2016,223
best 2011-v3 motherboard 2016,223
best 2 bay nas 2016,224
best 2015 commander deck,224
best 2015 commander deck,224
best 2016 commander deck,224
best 2016 commander deck,224
best 2016 pokemon rom hacks,225
best 2016 pokemon rom hacks,225
best 20700 battery for vaping,226
best 20700 battery for vaping,226
